,Drug,Build_FRS,Test_FRS,Sensitivity,Specificity,Coverage
0,AMI,0.1,0.1,84.85263879369431,98.29601377952756,92.25121074832057
1,AMI,0.1,0.2,84.2357779300891,98.33507403084106,92.36056866114669
2,AMI,0.1,0.30000000000000004,83.61891706648389,98.40422267231327,92.44388897568089
3,AMI,0.1,0.4,83.1275720164609,98.43587069864442,92.49075665260636
4,AMI,0.1,0.5,82.68041237113401,98.4548408854007,92.50637921158152
5,AMI,0.1,0.6,81.61865569272977,98.48614856582496,92.55845440816539
6,AMI,0.1,0.7000000000000001,80.74023303632625,98.49283176081363,92.5949070457741
7,AMI,0.1,0.8,79.83539094650206,98.50645773397808,92.66781232099152
8,AMI,0.1,0.9,78.75257025359835,98.53813688910637,92.73551007655054
9,AMI,0.2,0.1,84.85263879369431,98.29601377952756,92.25121074832057
10,AMI,0.2,0.2,84.2357779300891,98.33507403084106,92.36056866114669
11,AMI,0.2,0.30000000000000004,83.61891706648389,98.40422267231327,92.44388897568089
12,AMI,0.2,0.4,83.1275720164609,98.43587069864442,92.49075665260636
13,AMI,0.2,0.5,82.68041237113401,98.4548408854007,92.50637921158152
14,AMI,0.2,0.6,81.61865569272977,98.48614856582496,92.55845440816539
15,AMI,0.2,0.7000000000000001,80.74023303632625,98.49283176081363,92.5949070457741
16,AMI,0.2,0.8,79.83539094650206,98.50645773397808,92.66781232099152
17,AMI,0.2,0.9,78.75257025359835,98.53813688910637,92.73551007655054
18,AMI,0.30000000000000004,0.1,84.85263879369431,98.29601377952756,92.25121074832057
19,AMI,0.30000000000000004,0.2,84.2357779300891,98.33507403084106,92.36056866114669
20,AMI,0.30000000000000004,0.30000000000000004,83.61891706648389,98.40422267231327,92.44388897568089
21,AMI,0.30000000000000004,0.4,83.1275720164609,98.43587069864442,92.49075665260636
22,AMI,0.30000000000000004,0.5,82.68041237113401,98.4548408854007,92.50637921158152
23,AMI,0.30000000000000004,0.6,81.61865569272977,98.48614856582496,92.55845440816539
24,AMI,0.30000000000000004,0.7000000000000001,80.74023303632625,98.49283176081363,92.5949070457741
25,AMI,0.30000000000000004,0.8,79.83539094650206,98.50645773397808,92.66781232099152
26,AMI,0.30000000000000004,0.9,78.75257025359835,98.53813688910637,92.73551007655054
27,AMI,0.4,0.1,84.85263879369431,98.29601377952756,92.25121074832057
28,AMI,0.4,0.2,84.2357779300891,98.33507403084106,92.36056866114669
29,AMI,0.4,0.30000000000000004,83.61891706648389,98.40422267231327,92.44388897568089
30,AMI,0.4,0.4,83.1275720164609,98.43587069864442,92.49075665260636
31,AMI,0.4,0.5,82.68041237113401,98.4548408854007,92.50637921158152
32,AMI,0.4,0.6,81.61865569272977,98.48614856582496,92.55845440816539
33,AMI,0.4,0.7000000000000001,80.74023303632625,98.49283176081363,92.5949070457741
34,AMI,0.4,0.8,79.83539094650206,98.50645773397808,92.66781232099152
35,AMI,0.4,0.9,78.75257025359835,98.53813688910637,92.73551007655054
36,AMI,0.5,0.1,84.85263879369431,98.29601377952756,92.25121074832057
37,AMI,0.5,0.2,84.2357779300891,98.33507403084106,92.36056866114669
38,AMI,0.5,0.30000000000000004,83.61891706648389,98.40422267231327,92.44388897568089
39,AMI,0.5,0.4,83.1275720164609,98.43587069864442,92.49075665260636
40,AMI,0.5,0.5,82.68041237113401,98.4548408854007,92.50637921158152
41,AMI,0.5,0.6,81.61865569272977,98.48614856582496,92.55845440816539
42,AMI,0.5,0.7000000000000001,80.74023303632625,98.49283176081363,92.5949070457741
43,AMI,0.5,0.8,79.83539094650206,98.50645773397808,92.66781232099152
44,AMI,0.5,0.9,78.75257025359835,98.53813688910637,92.73551007655054
45,AMI,0.6,0.1,85.73407202216067,98.24528062840491,89.72556371400302
46,AMI,0.6,0.2,85.16978516978517,98.28502721174534,89.80367650887882
47,AMI,0.6,0.30000000000000004,84.54608454608454,98.3558871885671,89.86616674477946
48,AMI,0.6,0.4,84.0499306518724,98.38882921589689,89.9286569806801
49,AMI,0.6,0.5,83.59972202918694,98.40848806366049,89.94948705931365
50,AMI,0.6,0.6,82.58154059680777,98.44085342759753,90.00156225589751
51,AMI,0.6,0.7000000000000001,81.57894736842105,98.44804744180178,90.06405249179815
52,AMI,0.6,0.8,80.66528066528068,98.46231409125284,90.14737280633234
53,AMI,0.6,0.9,79.57063711911357,98.49515174411283,90.22548560120815
54,AMI,0.7000000000000001,0.1,84.85263879369431,98.29601377952756,92.25121074832057
55,AMI,0.7000000000000001,0.2,84.2357779300891,98.33507403084106,92.36056866114669
56,AMI,0.7000000000000001,0.30000000000000004,83.61891706648389,98.40422267231327,92.44388897568089
57,AMI,0.7000000000000001,0.4,83.1275720164609,98.43587069864442,92.49075665260636
58,AMI,0.7000000000000001,0.5,82.68041237113401,98.4548408854007,92.50637921158152
59,AMI,0.7000000000000001,0.6,81.61865569272977,98.48614856582496,92.55845440816539
60,AMI,0.7000000000000001,0.7000000000000001,80.74023303632625,98.49283176081363,92.5949070457741
61,AMI,0.7000000000000001,0.8,79.83539094650206,98.50645773397808,92.66781232099152
62,AMI,0.7000000000000001,0.9,78.75257025359835,98.53813688910637,92.73551007655054
63,AMI,0.8,0.1,84.85263879369431,98.29601377952756,92.25121074832057
64,AMI,0.8,0.2,84.2357779300891,98.33507403084106,92.36056866114669
65,AMI,0.8,0.30000000000000004,83.61891706648389,98.40422267231327,92.44388897568089
66,AMI,0.8,0.4,83.1275720164609,98.43587069864442,92.49075665260636
67,AMI,0.8,0.5,82.68041237113401,98.4548408854007,92.50637921158152
68,AMI,0.8,0.6,81.61865569272977,98.48614856582496,92.55845440816539
69,AMI,0.8,0.7000000000000001,80.74023303632625,98.49283176081363,92.5949070457741
70,AMI,0.8,0.8,79.83539094650206,98.50645773397808,92.66781232099152
71,AMI,0.8,0.9,78.75257025359835,98.53813688910637,92.73551007655054
72,AMI,0.9,0.1,86.151704940849,98.20665544477535,87.91855439254283
73,AMI,0.9,0.2,85.58495821727018,98.2470892626132,87.98625214810187
74,AMI,0.9,0.30000000000000004,85.01742160278745,98.31965359012473,88.0487423840025
75,AMI,0.9,0.4,84.5778087927425,98.35367034669765,88.12164765921992
76,AMI,0.9,0.5,84.0670859538784,98.37387881525457,88.15289277717024
77,AMI,0.9,0.6,83.04256803907886,98.40706823165226,88.21017549341249
78,AMI,0.9,0.7000000000000001,82.09059233449477,98.41433543895836,88.26225068999636
79,AMI,0.9,0.8,81.22819260293092,98.42904970383724,88.34557100453054
80,AMI,0.9,0.9,80.18143754361479,98.46272592783174,88.42368379940633
81,STM,0.1,0.1,95.4788657035848,93.47322348094748,91.12941549184222
82,STM,0.1,0.2,95.31709927749532,93.50816300295668,91.2086171392365
83,STM,0.1,0.30000000000000004,95.25850522368069,93.53802672147997,91.21653730397593
84,STM,0.1,0.4,95.1219512195122,93.59023763648041,91.2086171392365
85,STM,0.1,0.5,94.93297587131367,93.60554699537751,91.22445746871534
86,STM,0.1,0.6,94.61991434689507,93.62166324435319,91.30365911610961
87,STM,0.1,0.7000000000000001,94.41027012570206,93.62248171435904,91.33533977506733
88,STM,0.1,0.8,94.12079102084446,93.66504231854321,91.39870109298273
89,STM,0.1,0.9,93.14300960512273,93.68110740835684,91.477902740377
90,STM,0.2,0.1,95.48369855692144,93.41309661649298,91.20069697449706
91,STM,0.2,0.2,95.32335649385355,93.47211513749679,91.2719784571519
92,STM,0.2,0.30000000000000004,95.26484751203851,93.50199049698215,91.27989862189133
93,STM,0.2,0.4,95.12847965738757,93.55418592706728,91.2719784571519
94,STM,0.2,0.5,94.93975903614458,93.56950327300731,91.28781878663077
95,STM,0.2,0.6,94.6271050521251,93.5856318152662,91.36702043402502
96,STM,0.2,0.7000000000000001,94.41773504273505,93.5864545920985,91.39870109298273
97,STM,0.2,0.8,94.12863624232719,93.62902192026664,91.46206241089814
98,STM,0.2,0.9,93.1503198294243,93.6450992953235,91.53334389355298
99,STM,0.30000000000000004,0.1,95.50531914893618,93.31705436319238,91.40662125772216
100,STM,0.30000000000000004,0.2,95.34574468085107,93.37612323491656,91.477902740377
101,STM,0.30000000000000004,0.30000000000000004,95.28879425073197,93.40602950609365,91.49374306985585
102,STM,0.30000000000000004,0.4,95.15312916111851,93.45818368394049,91.48582290511644
103,STM,0.30000000000000004,0.5,94.96537027171019,93.47352224644186,91.50166323459527
104,STM,0.30000000000000004,0.6,94.65425531914894,93.48968345508138,91.58086488198954
105,STM,0.30000000000000004,0.7000000000000001,94.44592080786607,93.49051768323936,91.61254554094725
106,STM,0.30000000000000004,0.8,94.15825809877855,93.53310283006788,91.67590685886266
107,STM,0.30000000000000004,0.9,93.18302387267904,93.56118791602663,91.73134801203865
108,STM,0.4,0.1,95.5077086656034,93.3058702368692,91.31949944558848
109,STM,0.4,0.2,95.34821903242955,93.36505079079338,91.39078092824332
110,STM,0.4,0.30000000000000004,95.29130087789306,93.39501413518376,91.40662125772216
111,STM,0.4,0.4,95.18104366347177,93.44725684183477,91.39078092824332
112,STM,0.4,0.5,95.01864677677145,93.46262522476239,91.39870109298273
113,STM,0.4,0.6,94.65567668173358,93.4788189987163,91.48582290511644
114,STM,0.4,0.7000000000000001,94.44739638682252,93.47965601334873,91.51750356407413
115,STM,0.4,0.8,94.15980886647199,93.5223191380195,91.58086488198954
116,STM,0.4,0.9,93.1848316096526,93.55045518656237,91.63630603516553
117,STM,0.5,0.1,95.5077086656034,93.3058702368692,91.31949944558848
118,STM,0.5,0.2,95.34821903242955,93.36505079079338,91.39078092824332
119,STM,0.5,0.30000000000000004,95.29130087789306,93.39501413518376,91.40662125772216
120,STM,0.5,0.4,95.18104366347177,93.44725684183477,91.39078092824332
121,STM,0.5,0.5,95.01864677677145,93.46262522476239,91.39870109298273
122,STM,0.5,0.6,94.65567668173358,93.4788189987163,91.48582290511644
123,STM,0.5,0.7000000000000001,94.44739638682252,93.47965601334873,91.51750356407413
124,STM,0.5,0.8,94.15980886647199,93.5223191380195,91.58086488198954
125,STM,0.5,0.9,93.1848316096526,93.55045518656237,91.63630603516553
126,STM,0.6,0.1,95.50173010380622,93.32904884318765,91.37494059876445
127,STM,0.6,0.2,95.34202821400054,93.38811143920914,91.4462220814193
128,STM,0.6,0.30000000000000004,95.28502930207779,93.41801385681293,91.46206241089814
129,STM,0.6,0.4,95.1492537313433,93.47017318794099,91.45414224615872
130,STM,0.6,0.5,94.96134364169555,93.4855091048987,91.46998257563757
131,STM,0.6,0.6,94.65141032464076,93.50166623942579,91.55710438777128
132,STM,0.6,0.7000000000000001,94.44296729593194,93.50249903883122,91.58878504672897
133,STM,0.6,0.8,94.15515409139213,93.54508196721312,91.65214636464438
134,STM,0.6,0.9,93.17940552016985,93.5731660478812,91.70758751782037
135,STM,0.7000000000000001,0.1,95.55673102353875,93.0905815748842,91.50166323459527
136,STM,0.7000000000000001,0.2,95.39804284580798,93.14998072227219,91.57294471725011
137,STM,0.7000000000000001,0.30000000000000004,95.34021710352133,93.18006678653994,91.58086488198954
138,STM,0.7000000000000001,0.4,95.20529801324503,93.2323102606909,91.57294471725011
139,STM,0.7000000000000001,0.5,95.01854795972443,93.24775353016688,91.58878504672897
140,STM,0.7000000000000001,0.6,94.71039407564137,93.2640492686682,91.67590685886266
141,STM,0.7000000000000001,0.7000000000000001,94.52815226011101,93.2649134060295,91.69966735308095
142,STM,0.7000000000000001,0.8,94.21553090332804,93.3076923076923,91.76302867099636
143,STM,0.7000000000000001,0.9,93.24538258575198,93.3358964500833,91.81846982417234
144,STM,0.8,0.1,95.50173010380622,93.32904884318765,91.37494059876445
145,STM,0.8,0.2,95.34202821400054,93.38811143920914,91.4462220814193
146,STM,0.8,0.30000000000000004,95.28502930207779,93.41801385681293,91.46206241089814
147,STM,0.8,0.4,95.1492537313433,93.47017318794099,91.45414224615872
148,STM,0.8,0.5,94.96134364169555,93.4855091048987,91.46998257563757
149,STM,0.8,0.6,94.65141032464076,93.50166623942579,91.55710438777128
150,STM,0.8,0.7000000000000001,94.44296729593194,93.50249903883122,91.58878504672897
151,STM,0.8,0.8,94.15515409139213,93.54508196721312,91.65214636464438
152,STM,0.8,0.9,93.17940552016985,93.5731660478812,91.70758751782037
153,STM,0.9,0.1,95.47765587369548,93.58295674628792,90.93933153809598
154,STM,0.9,0.2,95.31584582441114,93.64199123033274,91.00269285601141
155,STM,0.9,0.30000000000000004,95.2572347266881,93.6718649310478,91.01061302075082
156,STM,0.9,0.4,95.12064343163539,93.72422680412372,91.00269285601141
157,STM,0.9,0.5,94.93161705551087,93.73953368543089,91.01853318549026
158,STM,0.9,0.6,94.61991434689507,93.75563280545899,91.10565499762396
159,STM,0.9,0.7000000000000001,94.41027012570206,93.75643666323377,91.13733565658166
160,STM,0.9,0.8,94.12079102084446,93.78698224852072,91.2086171392365
161,STM,0.9,0.9,93.16786762743529,93.80383082658439,91.28781878663077
162,CAP,0.1,0.1,84.41410693970421,97.51574127074986,92.00880467030338
163,CAP,0.1,0.2,83.63636363636363,97.59890235536245,92.12364819599962
164,CAP,0.1,0.30000000000000004,82.72727272727273,97.67920429861667,92.13321848980763
165,CAP,0.1,0.4,82.27272727272728,97.72701313535123,92.20978084027179
166,CAP,0.1,0.5,81.47727272727273,97.79554540262707,92.20978084027179
167,CAP,0.1,0.6,80.09101251422071,97.84221943144195,92.23849172169587
168,CAP,0.1,0.7000000000000001,78.9533560864619,97.90050205385668,92.28634319073595
169,CAP,0.1,0.8,78.04323094425484,97.95871821188277,92.33419465977606
170,CAP,0.1,0.9,76.53061224489795,98.00615244388743,92.43946789166428
171,CAP,0.2,0.1,84.43181818181819,97.51574127074986,92.01837496411139
172,CAP,0.2,0.2,83.65493757094211,97.59890235536245,92.13321848980763
173,CAP,0.2,0.30000000000000004,82.74687854710557,97.67920429861667,92.14278878361566
174,CAP,0.2,0.4,82.29284903518729,97.72701313535123,92.21935113407982
175,CAP,0.2,0.5,81.4982973893303,97.79554540262707,92.21935113407982
176,CAP,0.2,0.6,80.11363636363636,97.84221943144195,92.24806201550388
177,CAP,0.2,0.7000000000000001,78.97727272727273,97.90050205385668,92.29591348454397
178,CAP,0.2,0.8,78.06818181818181,97.95871821188277,92.34376495358407
179,CAP,0.2,0.9,76.55719139297848,98.00615244388743,92.4490381854723
180,CAP,0.30000000000000004,0.1,84.41410693970421,97.51574127074986,92.00880467030338
181,CAP,0.30000000000000004,0.2,83.63636363636363,97.59890235536245,92.12364819599962
182,CAP,0.30000000000000004,0.30000000000000004,82.74687854710557,97.67920429861667,92.14278878361566
183,CAP,0.30000000000000004,0.4,82.29284903518729,97.72701313535123,92.21935113407982
184,CAP,0.30000000000000004,0.5,81.4982973893303,97.79554540262707,92.21935113407982
185,CAP,0.30000000000000004,0.6,80.11363636363636,97.84221943144195,92.24806201550388
186,CAP,0.30000000000000004,0.7000000000000001,78.97727272727273,97.90050205385668,92.29591348454397
187,CAP,0.30000000000000004,0.8,78.06818181818181,97.95871821188277,92.34376495358407
188,CAP,0.30000000000000004,0.9,76.55719139297848,98.00615244388743,92.4490381854723
189,CAP,0.4,0.1,84.41410693970421,97.51574127074986,92.00880467030338
190,CAP,0.4,0.2,83.63636363636363,97.59890235536245,92.12364819599962
191,CAP,0.4,0.30000000000000004,82.74687854710557,97.67920429861667,92.14278878361566
192,CAP,0.4,0.4,82.29284903518729,97.72701313535123,92.21935113407982
193,CAP,0.4,0.5,81.4982973893303,97.79554540262707,92.21935113407982
194,CAP,0.4,0.6,80.11363636363636,97.84221943144195,92.24806201550388
195,CAP,0.4,0.7000000000000001,78.97727272727273,97.90050205385668,92.29591348454397
196,CAP,0.4,0.8,78.06818181818181,97.95871821188277,92.34376495358407
197,CAP,0.4,0.9,76.55719139297848,98.00615244388743,92.4490381854723
198,CAP,0.5,0.1,84.7651775486827,97.45573924258413,89.97990238300316
199,CAP,0.5,0.2,84.077892325315,97.54069563180701,90.07560532108336
200,CAP,0.5,0.30000000000000004,83.18077803203661,97.62295081967213,90.0947459086994
201,CAP,0.5,0.4,82.72311212814645,97.67224236752836,90.18087855297158
202,CAP,0.5,0.5,82.0160366552119,97.74269005847952,90.18087855297158
203,CAP,0.5,0.6,80.61926605504587,97.79102384291724,90.22873002201167
204,CAP,0.5,0.7000000000000001,79.47247706422019,97.85071837402172,90.27658149105177
205,CAP,0.5,0.8,78.64523536165328,97.910343217371,90.31486266628386
206,CAP,0.5,0.9,77.11670480549199,97.95870757027878,90.41056560436405
207,CAP,0.6,0.1,84.73019517795638,97.45573924258413,89.96076179538713
208,CAP,0.6,0.2,84.04133180252583,97.54069563180701,90.05646473346732
209,CAP,0.6,0.30000000000000004,83.14220183486239,97.62295081967213,90.07560532108336
210,CAP,0.6,0.4,82.68348623853211,97.67224236752836,90.16173796535554
211,CAP,0.6,0.5,81.9747416762342,97.74269005847952,90.16173796535554
212,CAP,0.6,0.6,80.61926605504587,97.79102384291724,90.22873002201167
213,CAP,0.6,0.7000000000000001,79.47247706422019,97.85071837402172,90.27658149105177
214,CAP,0.6,0.8,78.64523536165328,97.910343217371,90.31486266628386
215,CAP,0.6,0.9,77.11670480549199,97.95870757027878,90.41056560436405
216,CAP,0.7000000000000001,0.1,85.17279821627648,93.43525179856115,93.72188726193895
217,CAP,0.7000000000000001,0.2,84.48660714285714,93.5527350331349,93.77930902478707
218,CAP,0.7000000000000001,0.30000000000000004,83.61204013377926,93.63207547169812,93.7984496124031
219,CAP,0.7000000000000001,0.4,83.16610925306578,93.70441027942992,93.86544166905924
220,CAP,0.7000000000000001,0.5,82.47767857142857,93.77244165170556,93.86544166905924
221,CAP,0.7000000000000001,0.6,81.15942028985508,93.83200628013905,93.92286343190736
222,CAP,0.7000000000000001,0.7000000000000001,80.06681514476614,93.91255605381166,93.96114460713943
223,CAP,0.7000000000000001,0.8,79.26421404682274,93.98251904975348,93.9898554885635
224,CAP,0.7000000000000001,0.9,77.70345596432553,94.0952380952381,93.99942578237152
225,CAP,0.8,0.1,85.15625,93.43525179856115,93.71231696813092
226,CAP,0.8,0.2,84.46927374301676,93.5527350331349,93.76973873097904
227,CAP,0.8,0.30000000000000004,83.59375,93.63207547169812,93.78887931859508
228,CAP,0.8,0.4,83.14732142857143,93.70441027942992,93.85587137525123
229,CAP,0.8,0.5,82.45810055865923,93.77244165170556,93.85587137525123
230,CAP,0.8,0.6,81.13839285714286,93.83200628013905,93.91329313809933
231,CAP,0.8,0.7000000000000001,80.04459308807135,93.91255605381166,93.95157431333142
232,CAP,0.8,0.8,79.26421404682274,93.98251904975348,93.9898554885635
233,CAP,0.8,0.9,77.70345596432553,94.0952380952381,93.99942578237152
234,CAP,0.9,0.1,84.67741935483872,97.45573924258413,89.93205091396305
235,CAP,0.9,0.2,83.98617511520737,97.54069563180701,90.02775385204326
236,CAP,0.9,0.30000000000000004,83.08400460299194,97.62295081967213,90.0468944396593
237,CAP,0.9,0.4,82.62370540851553,97.67224236752836,90.13302708393147
238,CAP,0.9,0.5,81.91244239631337,97.74269005847952,90.13302708393147
239,CAP,0.9,0.6,80.55235903337169,97.79102384291724,90.20001914058761
240,CAP,0.9,0.7000000000000001,79.42528735632183,97.85071837402172,90.25744090343574
241,CAP,0.9,0.8,78.62068965517241,97.910343217371,90.30529237247583
242,CAP,0.9,0.9,77.14285714285715,97.95870757027878,90.42013589817208
243,ETH,0.1,0.1,91.30277878022375,86.27999278369114,91.40501319261215
244,ETH,0.1,0.2,91.04046242774567,86.43854119765871,91.51055408970976
245,ETH,0.1,0.30000000000000004,90.89595375722543,86.56005749708022,91.68205804749341
246,ETH,0.1,0.4,90.63968196602818,86.66547020818378,91.76121372031662
247,ETH,0.1,0.5,90.38322487346349,86.78805274015606,91.78759894459102
248,ETH,0.1,0.6,89.82316853121617,86.86923007977055,91.87335092348286
249,ETH,0.1,0.7000000000000001,89.39393939393939,86.95262827975284,91.94591029023746
250,ETH,0.1,0.8,88.71258564731338,87.05808645842656,91.99208443271768
251,ETH,0.1,0.9,87.5089992800576,87.16917024320458,92.0976253298153
252,ETH,0.2,0.1,91.32469402447803,86.30334746909682,91.43139841688654
253,ETH,0.2,0.2,91.06949945984876,86.45411150139601,91.55672823218998
254,ETH,0.2,0.30000000000000004,90.925459128556,86.58339324227174,91.72163588390502
255,ETH,0.2,0.4,90.67002881844381,86.68880710887711,91.80079155672823
256,ETH,0.2,0.5,90.41441441441441,86.80362429353188,91.83377308707124
257,ETH,0.2,0.6,89.8488120950324,86.88480502017033,91.90633245382585
258,ETH,0.2,0.7000000000000001,89.4206549118388,86.96820420958352,91.97889182058047
259,ETH,0.2,0.8,88.72478386167147,87.05808645842656,92.01187335092348
260,ETH,0.2,0.9,87.51349406261245,87.16917024320458,92.1042216358839
261,ETH,0.30000000000000004,0.1,91.32469402447803,86.30334746909682,91.43139841688654
262,ETH,0.30000000000000004,0.2,91.06949945984876,86.45411150139601,91.55672823218998
263,ETH,0.30000000000000004,0.30000000000000004,90.925459128556,86.58339324227174,91.72163588390502
264,ETH,0.30000000000000004,0.4,90.67002881844381,86.68880710887711,91.80079155672823
265,ETH,0.30000000000000004,0.5,90.41441441441441,86.80362429353188,91.83377308707124
266,ETH,0.30000000000000004,0.6,89.8488120950324,86.88480502017033,91.90633245382585
267,ETH,0.30000000000000004,0.7000000000000001,89.4206549118388,86.96820420958352,91.97889182058047
268,ETH,0.30000000000000004,0.8,88.72478386167147,87.05808645842656,92.01187335092348
269,ETH,0.30000000000000004,0.9,87.51349406261245,87.16917024320458,92.1042216358839
270,ETH,0.4,0.1,91.32781576106514,86.28777627424448,91.45118733509234
271,ETH,0.4,0.2,91.07271418286537,86.43854119765871,91.57651715039577
272,ETH,0.4,0.30000000000000004,90.92872570194385,86.56783468104223,91.74142480211081
273,ETH,0.4,0.4,90.6801007556675,86.67324777887463,91.83377308707124
274,ETH,0.4,0.5,90.42131796903134,86.78805274015606,91.86015831134564
275,ETH,0.4,0.6,89.8524649154372,86.86923007977055,91.92612137203167
276,ETH,0.4,0.7000000000000001,89.42446043165468,86.95262827975284,91.99868073878628
277,ETH,0.4,0.8,88.72884407634137,87.04250559284117,92.03166226912928
278,ETH,0.4,0.9,87.5179856115108,87.1535848381906,92.12401055408971
279,ETH,0.5,0.1,91.33405249910105,86.24887285843101,91.49736147757255
280,ETH,0.5,0.2,91.07913669064747,86.3996399639964,91.62269129287598
281,ETH,0.5,0.30000000000000004,90.93525179856115,86.52896273013022,91.78759894459102
282,ETH,0.5,0.4,90.68680330816254,86.63437387872264,91.87994722955145
283,ETH,0.5,0.5,90.43509528946421,86.75692638751904,91.91292875989447
284,ETH,0.5,0.6,89.86340762041696,86.83809694471822,91.97229551451187
285,ETH,0.5,0.7000000000000001,89.43206326383897,86.92149315191119,92.03825857519789
286,ETH,0.5,0.8,88.73695573947464,87.02693030330141,92.05804749340369
287,ETH,0.5,0.9,87.52695902228612,87.13800500536288,92.15039577836411
288,ETH,0.6,0.1,91.32469402447803,86.25665073496258,91.47097625329815
289,ETH,0.6,0.2,91.06628242074927,86.41519625495138,91.58311345646439
290,ETH,0.6,0.30000000000000004,90.92219020172911,86.53673432728579,91.75461741424802
291,ETH,0.6,0.4,90.67002881844381,86.64214586884363,91.84036939313984
292,ETH,0.6,0.5,90.41441441441441,86.76470588235294,91.86675461741424
293,ETH,0.6,0.6,89.85976267529665,86.84587813620071,91.95910290237467
294,ETH,0.6,0.7000000000000001,89.42826321467098,86.92927484333035,92.02506596306068
295,ETH,0.6,0.8,88.73290136789058,87.03471725125269,92.04485488126649
296,ETH,0.6,0.9,87.52247393024092,87.14579422544024,92.13720316622691
297,ETH,0.7000000000000001,0.1,91.31531531531532,86.27221069721294,91.43799472295514
298,ETH,0.7000000000000001,0.2,91.05984138428262,86.43075814874842,91.55672823218998
299,ETH,0.7000000000000001,0.30000000000000004,90.91564527757751,86.56005749708022,91.72163588390502
300,ETH,0.7000000000000001,0.4,90.66330209084354,86.66547020818378,91.80738786279683
301,ETH,0.7000000000000001,0.5,90.40750090155066,86.78805274015606,91.83377308707124
302,ETH,0.7000000000000001,0.6,89.8524649154372,86.86923007977055,91.92612137203167
303,ETH,0.7000000000000001,0.7000000000000001,89.42826321467098,86.95262827975284,92.00527704485488
304,ETH,0.7000000000000001,0.8,88.73290136789058,87.05808645842656,92.02506596306068
305,ETH,0.7000000000000001,0.9,87.52247393024092,87.16917024320458,92.1174142480211
306,ETH,0.8,0.1,91.30277878022375,86.24887285843101,91.43139841688654
307,ETH,0.8,0.2,91.04693140794224,86.40741740930777,91.55013192612137
308,ETH,0.8,0.30000000000000004,90.90252707581227,86.53673432728579,91.71503957783641
309,ETH,0.8,0.4,90.64981949458483,86.64991925354387,91.79419525065963
310,ETH,0.8,0.5,90.39364391477068,86.77248677248677,91.82058047493403
311,ETH,0.8,0.6,89.83783783783784,86.85366072228695,91.91292875989447
312,ETH,0.8,0.7000000000000001,89.41303564998199,86.93705792819411,91.99208443271768
313,ETH,0.8,0.8,88.7410071942446,87.04250559284117,92.05145118733509
314,ETH,0.8,0.9,87.52695902228612,87.1535848381906,92.13720316622691
315,ETH,0.9,0.1,91.29649693029974,86.26443001443002,91.40501319261215
316,ETH,0.9,0.2,91.04046242774567,86.42297650130548,91.52374670184696
317,ETH,0.9,0.30000000000000004,90.89595375722543,86.55228171038448,91.688654353562
318,ETH,0.9,0.4,90.64306358381504,86.65769403319874,91.77440633245382
319,ETH,0.9,0.5,90.38670039754247,86.78026905829597,91.80079155672823
320,ETH,0.9,0.6,89.83050847457628,86.86144470335185,91.89313984168865
321,ETH,0.9,0.7000000000000001,89.4054054054054,86.94484240687679,91.97229551451187
322,ETH,0.9,0.8,88.72884407634137,87.05029532844102,92.02506596306068
323,ETH,0.9,0.9,87.53591954022988,87.16137684398748,92.14379947229551
324,CIP,0.1,0.1,77.77777777777779,95.1219512195122,5.688282138794084
325,CIP,0.1,0.2,77.77777777777779,95.1219512195122,5.688282138794084
326,CIP,0.1,0.30000000000000004,77.77777777777779,95.1219512195122,5.688282138794084
327,CIP,0.1,0.4,77.77777777777779,95.1219512195122,5.688282138794084
328,CIP,0.1,0.5,77.77777777777779,95.1219512195122,5.688282138794084
329,CIP,0.1,0.6,77.77777777777779,95.1219512195122,5.688282138794084
330,CIP,0.1,0.7000000000000001,77.77777777777779,95.1219512195122,5.688282138794084
331,CIP,0.1,0.8,77.77777777777779,95.23809523809523,5.802047781569966
332,CIP,0.1,0.9,77.77777777777779,95.23809523809523,5.802047781569966
333,CIP,0.2,0.1,77.77777777777779,95.1219512195122,5.688282138794084
334,CIP,0.2,0.2,77.77777777777779,95.1219512195122,5.688282138794084
335,CIP,0.2,0.30000000000000004,77.77777777777779,95.1219512195122,5.688282138794084
336,CIP,0.2,0.4,77.77777777777779,95.1219512195122,5.688282138794084
337,CIP,0.2,0.5,77.77777777777779,95.1219512195122,5.688282138794084
338,CIP,0.2,0.6,77.77777777777779,95.1219512195122,5.688282138794084
339,CIP,0.2,0.7000000000000001,77.77777777777779,95.1219512195122,5.688282138794084
340,CIP,0.2,0.8,77.77777777777779,95.23809523809523,5.802047781569966
341,CIP,0.2,0.9,77.77777777777779,95.23809523809523,5.802047781569966
342,CIP,0.30000000000000004,0.1,77.77777777777779,95.1219512195122,5.688282138794084
343,CIP,0.30000000000000004,0.2,77.77777777777779,95.1219512195122,5.688282138794084
344,CIP,0.30000000000000004,0.30000000000000004,77.77777777777779,95.1219512195122,5.688282138794084
345,CIP,0.30000000000000004,0.4,77.77777777777779,95.1219512195122,5.688282138794084
346,CIP,0.30000000000000004,0.5,77.77777777777779,95.1219512195122,5.688282138794084
347,CIP,0.30000000000000004,0.6,77.77777777777779,95.1219512195122,5.688282138794084
348,CIP,0.30000000000000004,0.7000000000000001,77.77777777777779,95.1219512195122,5.688282138794084
349,CIP,0.30000000000000004,0.8,77.77777777777779,95.23809523809523,5.802047781569966
350,CIP,0.30000000000000004,0.9,77.77777777777779,95.23809523809523,5.802047781569966
351,CIP,0.4,0.1,77.77777777777779,95.1219512195122,5.688282138794084
352,CIP,0.4,0.2,77.77777777777779,95.1219512195122,5.688282138794084
353,CIP,0.4,0.30000000000000004,77.77777777777779,95.1219512195122,5.688282138794084
354,CIP,0.4,0.4,77.77777777777779,95.1219512195122,5.688282138794084
355,CIP,0.4,0.5,77.77777777777779,95.1219512195122,5.688282138794084
356,CIP,0.4,0.6,77.77777777777779,95.1219512195122,5.688282138794084
357,CIP,0.4,0.7000000000000001,77.77777777777779,95.1219512195122,5.688282138794084
358,CIP,0.4,0.8,77.77777777777779,95.23809523809523,5.802047781569966
359,CIP,0.4,0.9,77.77777777777779,95.23809523809523,5.802047781569966
360,CIP,0.5,0.1,77.77777777777779,95.1219512195122,5.688282138794084
361,CIP,0.5,0.2,77.77777777777779,95.1219512195122,5.688282138794084
362,CIP,0.5,0.30000000000000004,77.77777777777779,95.1219512195122,5.688282138794084
363,CIP,0.5,0.4,77.77777777777779,95.1219512195122,5.688282138794084
364,CIP,0.5,0.5,77.77777777777779,95.1219512195122,5.688282138794084
365,CIP,0.5,0.6,77.77777777777779,95.1219512195122,5.688282138794084
366,CIP,0.5,0.7000000000000001,77.77777777777779,95.1219512195122,5.688282138794084
367,CIP,0.5,0.8,77.77777777777779,95.23809523809523,5.802047781569966
368,CIP,0.5,0.9,77.77777777777779,95.23809523809523,5.802047781569966
369,CIP,0.6,0.1,77.77777777777779,95.1219512195122,5.688282138794084
370,CIP,0.6,0.2,77.77777777777779,95.1219512195122,5.688282138794084
371,CIP,0.6,0.30000000000000004,77.77777777777779,95.1219512195122,5.688282138794084
372,CIP,0.6,0.4,77.77777777777779,95.1219512195122,5.688282138794084
373,CIP,0.6,0.5,77.77777777777779,95.1219512195122,5.688282138794084
374,CIP,0.6,0.6,77.77777777777779,95.1219512195122,5.688282138794084
375,CIP,0.6,0.7000000000000001,77.77777777777779,95.1219512195122,5.688282138794084
376,CIP,0.6,0.8,77.77777777777779,95.23809523809523,5.802047781569966
377,CIP,0.6,0.9,77.77777777777779,95.23809523809523,5.802047781569966
378,CIP,0.7000000000000001,0.1,77.77777777777779,95.1219512195122,5.688282138794084
379,CIP,0.7000000000000001,0.2,77.77777777777779,95.1219512195122,5.688282138794084
380,CIP,0.7000000000000001,0.30000000000000004,77.77777777777779,95.1219512195122,5.688282138794084
381,CIP,0.7000000000000001,0.4,77.77777777777779,95.1219512195122,5.688282138794084
382,CIP,0.7000000000000001,0.5,77.77777777777779,95.1219512195122,5.688282138794084
383,CIP,0.7000000000000001,0.6,77.77777777777779,95.1219512195122,5.688282138794084
384,CIP,0.7000000000000001,0.7000000000000001,77.77777777777779,95.1219512195122,5.688282138794084
385,CIP,0.7000000000000001,0.8,77.77777777777779,95.23809523809523,5.802047781569966
386,CIP,0.7000000000000001,0.9,77.77777777777779,95.23809523809523,5.802047781569966
387,CIP,0.8,0.1,77.77777777777779,95.1219512195122,5.688282138794084
388,CIP,0.8,0.2,77.77777777777779,95.1219512195122,5.688282138794084
389,CIP,0.8,0.30000000000000004,77.77777777777779,95.1219512195122,5.688282138794084
390,CIP,0.8,0.4,77.77777777777779,95.1219512195122,5.688282138794084
391,CIP,0.8,0.5,77.77777777777779,95.1219512195122,5.688282138794084
392,CIP,0.8,0.6,77.77777777777779,95.1219512195122,5.688282138794084
393,CIP,0.8,0.7000000000000001,77.77777777777779,95.1219512195122,5.688282138794084
394,CIP,0.8,0.8,77.77777777777779,95.23809523809523,5.802047781569966
395,CIP,0.8,0.9,77.77777777777779,95.23809523809523,5.802047781569966
396,CIP,0.9,0.1,77.77777777777779,95.1219512195122,5.688282138794084
397,CIP,0.9,0.2,77.77777777777779,95.1219512195122,5.688282138794084
398,CIP,0.9,0.30000000000000004,77.77777777777779,95.1219512195122,5.688282138794084
399,CIP,0.9,0.4,77.77777777777779,95.1219512195122,5.688282138794084
400,CIP,0.9,0.5,77.77777777777779,95.1219512195122,5.688282138794084
401,CIP,0.9,0.6,77.77777777777779,95.1219512195122,5.688282138794084
402,CIP,0.9,0.7000000000000001,77.77777777777779,95.1219512195122,5.688282138794084
403,CIP,0.9,0.8,77.77777777777779,95.23809523809523,5.802047781569966
404,CIP,0.9,0.9,77.77777777777779,95.23809523809523,5.802047781569966
405,KAN,0.1,0.1,83.26577880718008,92.56366500393804,95.39421887301765
406,KAN,0.1,0.2,82.8505214368482,92.61128958237722,95.48419750309301
407,KAN,0.1,0.30000000000000004,82.21320973348783,92.6530344737187,95.51231582499156
408,KAN,0.1,0.4,81.79710144927537,92.69379463993185,95.52356315375098
409,KAN,0.1,0.5,81.3913043478261,92.72894012838988,95.55168147564953
410,KAN,0.1,0.6,80.39443155452436,92.77668631303209,95.56855246878865
411,KAN,0.1,0.7000000000000001,79.69837587006961,92.81225451688924,95.60229445506691
412,KAN,0.1,0.8,79.00232018561485,92.88191036964344,95.65290743448432
413,KAN,0.1,0.9,78.01624129930394,92.93001962066711,95.68102575638285
414,KAN,0.2,0.1,83.26577880718008,92.56366500393804,95.39421887301765
415,KAN,0.2,0.2,82.8505214368482,92.61128958237722,95.48419750309301
416,KAN,0.2,0.30000000000000004,82.21320973348783,92.6530344737187,95.51231582499156
417,KAN,0.2,0.4,81.79710144927537,92.69379463993185,95.52356315375098
418,KAN,0.2,0.5,81.3913043478261,92.72894012838988,95.55168147564953
419,KAN,0.2,0.6,80.39443155452436,92.77668631303209,95.56855246878865
420,KAN,0.2,0.7000000000000001,79.69837587006961,92.81225451688924,95.60229445506691
421,KAN,0.2,0.8,79.00232018561485,92.88191036964344,95.65290743448432
422,KAN,0.2,0.9,78.01624129930394,92.93001962066711,95.68102575638285
423,KAN,0.30000000000000004,0.1,83.26577880718008,92.56366500393804,95.39421887301765
424,KAN,0.30000000000000004,0.2,82.8505214368482,92.61128958237722,95.48419750309301
425,KAN,0.30000000000000004,0.30000000000000004,82.21320973348783,92.6530344737187,95.51231582499156
426,KAN,0.30000000000000004,0.4,81.79710144927537,92.69379463993185,95.52356315375098
427,KAN,0.30000000000000004,0.5,81.3913043478261,92.72894012838988,95.55168147564953
428,KAN,0.30000000000000004,0.6,80.39443155452436,92.77668631303209,95.56855246878865
429,KAN,0.30000000000000004,0.7000000000000001,79.69837587006961,92.81225451688924,95.60229445506691
430,KAN,0.30000000000000004,0.8,79.00232018561485,92.88191036964344,95.65290743448432
431,KAN,0.30000000000000004,0.9,78.01624129930394,92.93001962066711,95.68102575638285
432,KAN,0.4,0.1,83.26577880718008,92.56366500393804,95.39421887301765
433,KAN,0.4,0.2,82.8505214368482,92.61128958237722,95.48419750309301
434,KAN,0.4,0.30000000000000004,82.21320973348783,92.6530344737187,95.51231582499156
435,KAN,0.4,0.4,81.79710144927537,92.69379463993185,95.52356315375098
436,KAN,0.4,0.5,81.3913043478261,92.72894012838988,95.55168147564953
437,KAN,0.4,0.6,80.39443155452436,92.77668631303209,95.56855246878865
438,KAN,0.4,0.7000000000000001,79.69837587006961,92.81225451688924,95.60229445506691
439,KAN,0.4,0.8,79.00232018561485,92.88191036964344,95.65290743448432
440,KAN,0.4,0.9,78.01624129930394,92.93001962066711,95.68102575638285
441,KAN,0.5,0.1,83.26577880718008,92.56366500393804,95.39421887301765
442,KAN,0.5,0.2,82.8505214368482,92.61128958237722,95.48419750309301
443,KAN,0.5,0.30000000000000004,82.21320973348783,92.6530344737187,95.51231582499156
444,KAN,0.5,0.4,81.79710144927537,92.69379463993185,95.52356315375098
445,KAN,0.5,0.5,81.3913043478261,92.72894012838988,95.55168147564953
446,KAN,0.5,0.6,80.39443155452436,92.77668631303209,95.56855246878865
447,KAN,0.5,0.7000000000000001,79.69837587006961,92.81225451688924,95.60229445506691
448,KAN,0.5,0.8,79.00232018561485,92.88191036964344,95.65290743448432
449,KAN,0.5,0.9,78.01624129930394,92.93001962066711,95.68102575638285
450,KAN,0.6,0.1,83.23665893271462,92.57581725088617,95.3661005511191
451,KAN,0.6,0.2,82.8206616366802,92.62343452888335,95.45607918119447
452,KAN,0.6,0.30000000000000004,82.18224027858386,92.67125532612258,95.47857383871332
453,KAN,0.6,0.4,81.76538908246226,92.71201992397431,95.48982116747273
454,KAN,0.6,0.5,81.3588850174216,92.74716634999672,95.51793948937127
455,KAN,0.6,0.6,80.3830528148578,92.79491714154713,95.54605781126982
456,KAN,0.6,0.7000000000000001,79.68659315147998,92.83048516990769,95.57979979754808
457,KAN,0.6,0.8,78.99013348810215,92.90014396021463,95.63041277696547
458,KAN,0.6,0.9,78.00348229831688,92.9421768707483,95.66415476324373
459,KAN,0.7000000000000001,0.1,83.23665893271462,92.57581725088617,95.3661005511191
460,KAN,0.7000000000000001,0.2,82.8206616366802,92.62343452888335,95.45607918119447
461,KAN,0.7000000000000001,0.30000000000000004,82.18224027858386,92.67125532612258,95.47857383871332
462,KAN,0.7000000000000001,0.4,81.76538908246226,92.71201992397431,95.48982116747273
463,KAN,0.7000000000000001,0.5,81.3588850174216,92.74716634999672,95.51793948937127
464,KAN,0.7000000000000001,0.6,80.3830528148578,92.79491714154713,95.54605781126982
465,KAN,0.7000000000000001,0.7000000000000001,79.68659315147998,92.83048516990769,95.57979979754808
466,KAN,0.7000000000000001,0.8,78.99013348810215,92.90014396021463,95.63041277696547
467,KAN,0.7000000000000001,0.9,78.00348229831688,92.9421768707483,95.66415476324373
468,KAN,0.8,0.1,83.23665893271462,92.57581725088617,95.3661005511191
469,KAN,0.8,0.2,82.8206616366802,92.62343452888335,95.45607918119447
470,KAN,0.8,0.30000000000000004,82.18224027858386,92.67125532612258,95.47857383871332
471,KAN,0.8,0.4,81.76538908246226,92.71201992397431,95.48982116747273
472,KAN,0.8,0.5,81.3588850174216,92.74716634999672,95.51793948937127
473,KAN,0.8,0.6,80.3830528148578,92.79491714154713,95.54605781126982
474,KAN,0.8,0.7000000000000001,79.68659315147998,92.83048516990769,95.57979979754808
475,KAN,0.8,0.8,78.99013348810215,92.90014396021463,95.63041277696547
476,KAN,0.8,0.9,78.00348229831688,92.9421768707483,95.66415476324373
477,KAN,0.9,0.1,83.37222870478413,92.47879233184156,93.83084017545833
478,KAN,0.9,0.2,82.94392523364486,92.5263579340718,93.90394781239456
479,KAN,0.9,0.30000000000000004,82.34950321449445,92.57505003335557,93.92081880553368
480,KAN,0.9,0.4,81.97776477472206,92.61753917972658,93.93768979867282
481,KAN,0.9,0.5,81.57894736842105,92.65382307846144,93.97705544933078
482,KAN,0.9,0.6,80.59614260666277,92.70291883246702,94.01079743560904
483,KAN,0.9,0.7000000000000001,79.94152046783626,92.73865831723403,94.03329209312788
484,KAN,0.9,0.8,79.23976608187134,92.81006590772918,94.08952873692498
485,KAN,0.9,0.9,78.30409356725147,92.85381595581875,94.13451805196266
486,LEV,0.1,0.1,92.28353521758636,96.73590504451039,88.05285658764089
487,LEV,0.1,0.2,92.04136690647482,96.79437918542101,88.09172172561213
488,LEV,0.1,0.30000000000000004,91.38475417230492,96.83148777546322,88.13058686358337
489,LEV,0.1,0.4,90.82278481012658,96.89930974033089,88.13835989117761
490,LEV,0.1,0.5,90.28906955736224,96.92391899288451,88.2160901671201
491,LEV,0.1,0.6,89.09418657052727,96.99091804354963,88.28604741546833
492,LEV,0.1,0.7000000000000001,87.7248201438849,97.04853519895059,88.3948698017878
493,LEV,0.1,0.8,86.44524236983841,97.07391636641555,88.5114652157015
494,LEV,0.1,0.9,84.70483005366727,97.12167466201483,88.67469879518072
495,LEV,0.2,0.1,92.35555555555555,96.67215815485997,88.26272833268558
496,LEV,0.2,0.2,92.11581291759465,96.72005265467311,88.30936649825108
497,LEV,0.2,0.30000000000000004,91.46940598481464,96.75723049956179,88.35600466381656
498,LEV,0.2,0.4,90.92128801431127,96.82504926647691,88.3793237465993
499,LEV,0.2,0.5,90.38461538461539,96.8602997483864,88.43373493975903
500,LEV,0.2,0.6,89.181940098346,96.91668488956921,88.48037310532453
501,LEV,0.2,0.7000000000000001,87.80160857908848,96.98492462311557,88.55033035367276
502,LEV,0.2,0.8,86.51183564091112,97.01036552100382,88.64360668480373
503,LEV,0.2,0.9,84.71849865951742,97.05818261059053,88.73688301593471
504,LEV,0.30000000000000004,0.1,92.40618101545253,96.46027397260274,88.53478429848425
505,LEV,0.30000000000000004,0.2,92.17160548429898,96.50831873905429,88.58919549164399
506,LEV,0.30000000000000004,0.30000000000000004,91.5374390784227,96.54569304766069,88.65137971239798
507,LEV,0.30000000000000004,0.4,91.00575985821887,96.59239842726082,88.71356393315196
508,LEV,0.30000000000000004,0.5,90.47408063801507,96.64883746315904,88.7524290711232
509,LEV,0.30000000000000004,0.6,89.25876608965824,96.70521492472179,88.76020209871746
510,LEV,0.30000000000000004,0.7000000000000001,87.87205686361617,96.77349029867015,88.80684026428294
511,LEV,0.30000000000000004,0.8,86.57777777777778,96.80966898954703,88.87679751263117
512,LEV,0.30000000000000004,0.9,84.79324144064029,96.87873844480696,88.95452778857364
513,LEV,0.4,0.1,92.40953221535746,96.42857142857143,88.56587640886126
514,LEV,0.4,0.2,92.17506631299734,96.47663858190174,88.62028760202098
515,LEV,0.4,0.30000000000000004,91.54118689105402,96.51404218118238,88.68247182277497
516,LEV,0.4,0.4,91.01372288623286,96.56075990828693,88.7524290711232
517,LEV,0.4,0.5,90.47829937998229,96.6171977302488,88.78352118150019
518,LEV,0.4,0.6,89.26353149955635,96.67357399934562,88.79129420909445
519,LEV,0.4,0.7000000000000001,87.87744227353464,96.74185463659147,88.83793237465993
520,LEV,0.4,0.8,86.58374055975122,96.77805594862305,88.90788962300816
521,LEV,0.4,0.9,84.8,96.84714068275711,88.98561989895065
522,LEV,0.5,0.1,92.39610963748895,96.52374163833754,88.46482705013602
523,LEV,0.5,0.2,92.16120460584588,96.57174151150055,88.51923824329576
524,LEV,0.5,0.30000000000000004,91.52617568766637,96.60905709910304,88.58142246404975
525,LEV,0.5,0.4,90.99378881987577,96.65573770491804,88.64360668480373
526,LEV,0.5,0.5,90.46985815602837,96.71217913708357,88.69801787796347
527,LEV,0.5,0.6,89.25399644760213,96.77912435855443,88.69801787796347
528,LEV,0.5,0.7000000000000001,87.86127167630057,96.83682373472949,88.74465604352896
529,LEV,0.5,0.8,86.56583629893238,96.87295707125736,88.81461329187718
530,LEV,0.5,0.9,84.79324144064029,96.94199586462075,88.90788962300816
531,LEV,0.6,0.1,92.40282685512368,96.46027397260274,88.52701127089001
532,LEV,0.6,0.2,92.17160548429898,96.51888341543514,88.58142246404975
533,LEV,0.6,0.30000000000000004,91.5374390784227,96.5562479501476,88.64360668480373
534,LEV,0.6,0.4,91.00575985821887,96.602949208083,88.70579090555772
535,LEV,0.6,0.5,90.48251438689687,96.6593886462882,88.76020209871746
536,LEV,0.6,0.6,89.27304964539007,96.72632038411174,88.7679751263117
537,LEV,0.6,0.7000000000000001,87.88282290279628,96.78404011773684,88.81461329187718
538,LEV,0.6,0.8,86.58374055975122,96.82021125993684,88.87679751263117
539,LEV,0.6,0.9,84.81349911190054,96.88927561453121,88.97007384376214
540,LEV,0.7000000000000001,0.1,92.36912156166814,96.67215815485997,88.29382044306257
541,LEV,0.7000000000000001,0.2,92.13333333333334,96.73066374108612,88.34045860862805
542,LEV,0.7000000000000001,0.30000000000000004,91.48841354723707,96.76783170811876,88.38709677419355
543,LEV,0.7000000000000001,0.4,90.94154395359215,96.83565093616555,88.41041585697629
544,LEV,0.7000000000000001,0.5,90.41034790365745,96.87089715536105,88.47260007773028
545,LEV,0.7000000000000001,0.6,89.2012494422133,96.93788276465442,88.49591916051301
546,LEV,0.7000000000000001,0.7000000000000001,87.82337198929527,96.99552059434066,88.5736494364555
547,LEV,0.7000000000000001,0.8,86.51183564091112,97.02095154954169,88.63583365720949
548,LEV,0.7000000000000001,0.9,84.72532380527021,97.06875885365588,88.73688301593471
549,LEV,0.8,0.1,92.36573457612073,96.56609983543609,88.3637776914108
550,LEV,0.8,0.2,92.12983548243663,96.61406969099276,88.41818888457054
551,LEV,0.8,0.30000000000000004,91.48841354723707,96.65134602757715,88.47260007773028
552,LEV,0.8,0.4,90.9536541889483,96.6980100590422,88.53478429848425
553,LEV,0.8,0.5,90.42316258351893,96.75445306523878,88.58142246404975
554,LEV,0.8,0.6,89.2156862745098,96.8214090660841,88.60474154683249
555,LEV,0.8,0.7000000000000001,87.82880071333035,96.87909209951985,88.66692576758648
556,LEV,0.8,0.8,86.5478841870824,96.91519511663397,88.76020209871746
557,LEV,0.8,0.9,84.76614699331849,96.97365556281298,88.85347842984844
558,LEV,0.9,0.1,92.28007181328546,96.58729287830572,88.15390594636611
559,LEV,0.9,0.2,92.04136690647482,96.64584018414996,88.2005441119316
560,LEV,0.9,0.30000000000000004,91.38863841298466,96.68308702791461,88.24718227749709
561,LEV,0.9,0.4,90.83935018050542,96.72973859783441,88.29382044306257
562,LEV,0.9,0.5,90.31095087877422,96.77560389113565,88.3637776914108
563,LEV,0.9,0.6,89.11870503597122,96.84256527914346,88.43373493975903
564,LEV,0.9,0.7000000000000001,87.74685816876122,96.90024012224406,88.53478429848425
565,LEV,0.9,0.8,86.4816472694718,96.93632795464457,88.65915273999224
566,LEV,0.9,0.9,84.76614699331849,96.99477351916377,88.83793237465993
567,LZD,0.1,0.1,30.697674418604652,99.78859705317105,99.6473773691833
568,LZD,0.1,0.2,29.767441860465116,99.80144751168898,99.66626786726277
569,LZD,0.1,0.30000000000000004,29.30232558139535,99.80147294268332,99.67886153264908
570,LZD,0.1,0.4,28.837209302325583,99.80787704130644,99.67886153264908
571,LZD,0.1,0.5,28.837209302325583,99.81428113992955,99.67886153264908
572,LZD,0.1,0.6,28.837209302325583,99.82708933717579,99.67886153264908
573,LZD,0.1,0.7000000000000001,28.37209302325581,99.82708933717579,99.67886153264908
574,LZD,0.1,0.8,27.44186046511628,99.83349343579891,99.67886153264908
575,LZD,0.1,0.9,26.046511627906977,99.84630163304516,99.67886153264908
576,LZD,0.2,0.1,30.697674418604652,99.78859705317105,99.6473773691833
577,LZD,0.2,0.2,29.767441860465116,99.80144751168898,99.66626786726277
578,LZD,0.2,0.30000000000000004,29.30232558139535,99.80147294268332,99.67886153264908
579,LZD,0.2,0.4,28.837209302325583,99.80787704130644,99.67886153264908
580,LZD,0.2,0.5,28.837209302325583,99.81428113992955,99.67886153264908
581,LZD,0.2,0.6,28.837209302325583,99.82708933717579,99.67886153264908
582,LZD,0.2,0.7000000000000001,28.37209302325581,99.82708933717579,99.67886153264908
583,LZD,0.2,0.8,27.44186046511628,99.83349343579891,99.67886153264908
584,LZD,0.2,0.9,26.046511627906977,99.84630163304516,99.67886153264908
585,LZD,0.30000000000000004,0.1,30.697674418604652,99.78859705317105,99.6473773691833
586,LZD,0.30000000000000004,0.2,29.767441860465116,99.80144751168898,99.66626786726277
587,LZD,0.30000000000000004,0.30000000000000004,29.30232558139535,99.80147294268332,99.67886153264908
588,LZD,0.30000000000000004,0.4,28.837209302325583,99.80787704130644,99.67886153264908
589,LZD,0.30000000000000004,0.5,28.837209302325583,99.81428113992955,99.67886153264908
590,LZD,0.30000000000000004,0.6,28.837209302325583,99.82708933717579,99.67886153264908
591,LZD,0.30000000000000004,0.7000000000000001,28.37209302325581,99.82708933717579,99.67886153264908
592,LZD,0.30000000000000004,0.8,27.44186046511628,99.83349343579891,99.67886153264908
593,LZD,0.30000000000000004,0.9,26.046511627906977,99.84630163304516,99.67886153264908
594,LZD,0.4,0.1,30.697674418604652,99.78859705317105,99.6473773691833
595,LZD,0.4,0.2,29.767441860465116,99.80144751168898,99.66626786726277
596,LZD,0.4,0.30000000000000004,29.30232558139535,99.80147294268332,99.67886153264908
597,LZD,0.4,0.4,28.837209302325583,99.80787704130644,99.67886153264908
598,LZD,0.4,0.5,28.837209302325583,99.81428113992955,99.67886153264908
599,LZD,0.4,0.6,28.837209302325583,99.82708933717579,99.67886153264908
600,LZD,0.4,0.7000000000000001,28.37209302325581,99.82708933717579,99.67886153264908
601,LZD,0.4,0.8,27.44186046511628,99.83349343579891,99.67886153264908
602,LZD,0.4,0.9,26.046511627906977,99.84630163304516,99.67886153264908
603,LZD,0.5,0.1,30.697674418604652,99.78859705317105,99.6473773691833
604,LZD,0.5,0.2,29.767441860465116,99.80144751168898,99.66626786726277
605,LZD,0.5,0.30000000000000004,29.30232558139535,99.80147294268332,99.67886153264908
606,LZD,0.5,0.4,28.837209302325583,99.80787704130644,99.67886153264908
607,LZD,0.5,0.5,28.837209302325583,99.81428113992955,99.67886153264908
608,LZD,0.5,0.6,28.837209302325583,99.82708933717579,99.67886153264908
609,LZD,0.5,0.7000000000000001,28.37209302325581,99.82708933717579,99.67886153264908
610,LZD,0.5,0.8,27.44186046511628,99.83349343579891,99.67886153264908
611,LZD,0.5,0.9,26.046511627906977,99.84630163304516,99.67886153264908
612,LZD,0.6,0.1,30.697674418604652,99.78859705317105,99.6473773691833
613,LZD,0.6,0.2,29.767441860465116,99.80144751168898,99.66626786726277
614,LZD,0.6,0.30000000000000004,29.30232558139535,99.80147294268332,99.67886153264908
615,LZD,0.6,0.4,28.837209302325583,99.80787704130644,99.67886153264908
616,LZD,0.6,0.5,28.837209302325583,99.81428113992955,99.67886153264908
617,LZD,0.6,0.6,28.837209302325583,99.82708933717579,99.67886153264908
618,LZD,0.6,0.7000000000000001,28.37209302325581,99.82708933717579,99.67886153264908
619,LZD,0.6,0.8,27.44186046511628,99.83349343579891,99.67886153264908
620,LZD,0.6,0.9,26.046511627906977,99.84630163304516,99.67886153264908
621,LZD,0.7000000000000001,0.1,30.697674418604652,99.78859705317105,99.6473773691833
622,LZD,0.7000000000000001,0.2,29.767441860465116,99.80144751168898,99.66626786726277
623,LZD,0.7000000000000001,0.30000000000000004,29.30232558139535,99.80147294268332,99.67886153264908
624,LZD,0.7000000000000001,0.4,28.837209302325583,99.80787704130644,99.67886153264908
625,LZD,0.7000000000000001,0.5,28.837209302325583,99.81428113992955,99.67886153264908
626,LZD,0.7000000000000001,0.6,28.837209302325583,99.82708933717579,99.67886153264908
627,LZD,0.7000000000000001,0.7000000000000001,28.37209302325581,99.82708933717579,99.67886153264908
628,LZD,0.7000000000000001,0.8,27.44186046511628,99.83349343579891,99.67886153264908
629,LZD,0.7000000000000001,0.9,26.046511627906977,99.84630163304516,99.67886153264908
630,LZD,0.8,0.1,30.697674418604652,99.78859705317105,99.6473773691833
631,LZD,0.8,0.2,29.767441860465116,99.80144751168898,99.66626786726277
632,LZD,0.8,0.30000000000000004,29.30232558139535,99.80147294268332,99.67886153264908
633,LZD,0.8,0.4,28.837209302325583,99.80787704130644,99.67886153264908
634,LZD,0.8,0.5,28.837209302325583,99.81428113992955,99.67886153264908
635,LZD,0.8,0.6,28.837209302325583,99.82708933717579,99.67886153264908
636,LZD,0.8,0.7000000000000001,28.37209302325581,99.82708933717579,99.67886153264908
637,LZD,0.8,0.8,27.44186046511628,99.83349343579891,99.67886153264908
638,LZD,0.8,0.9,26.046511627906977,99.84630163304516,99.67886153264908
639,LZD,0.9,0.1,30.697674418604652,99.78859705317105,99.6473773691833
640,LZD,0.9,0.2,29.767441860465116,99.80144751168898,99.66626786726277
641,LZD,0.9,0.30000000000000004,29.30232558139535,99.80147294268332,99.67886153264908
642,LZD,0.9,0.4,28.837209302325583,99.80787704130644,99.67886153264908
643,LZD,0.9,0.5,28.837209302325583,99.81428113992955,99.67886153264908
644,LZD,0.9,0.6,28.837209302325583,99.82708933717579,99.67886153264908
645,LZD,0.9,0.7000000000000001,28.37209302325581,99.82708933717579,99.67886153264908
646,LZD,0.9,0.8,27.44186046511628,99.83349343579891,99.67886153264908
647,LZD,0.9,0.9,26.046511627906977,99.84630163304516,99.67886153264908
648,DLM,0.1,0.1,17.258883248730964,99.89964037802125,99.14348641814176
649,DLM,0.1,0.2,16.751269035532996,99.89966555183946,99.1679582347663
650,DLM,0.1,0.30000000000000004,16.751269035532996,99.899673940306,99.17611550697447
651,DLM,0.1,0.4,16.751269035532996,99.9080498202792,99.19243005139082
652,DLM,0.1,0.5,16.751269035532996,99.90805750585089,99.20058732359898
653,DLM,0.1,0.6,16.751269035532996,99.9080651901379,99.20874459580716
654,DLM,0.1,0.7000000000000001,16.751269035532996,99.9080651901379,99.20874459580716
655,DLM,0.1,0.8,16.243654822335024,99.90807287314057,99.21690186801534
656,DLM,0.1,0.9,16.243654822335024,99.90807287314057,99.21690186801534
657,DLM,0.2,0.1,16.83673469387755,99.89964037802125,99.13532914593361
658,DLM,0.2,0.2,16.751269035532996,99.89966555183946,99.1679582347663
659,DLM,0.2,0.30000000000000004,16.751269035532996,99.899673940306,99.17611550697447
660,DLM,0.2,0.4,16.751269035532996,99.9080498202792,99.19243005139082
661,DLM,0.2,0.5,16.751269035532996,99.90805750585089,99.20058732359898
662,DLM,0.2,0.6,16.751269035532996,99.9080651901379,99.20874459580716
663,DLM,0.2,0.7000000000000001,16.751269035532996,99.9080651901379,99.20874459580716
664,DLM,0.2,0.8,16.243654822335024,99.90807287314057,99.21690186801534
665,DLM,0.2,0.9,16.243654822335024,99.90807287314057,99.21690186801534
666,DLM,0.30000000000000004,0.1,16.83673469387755,99.89964037802125,99.13532914593361
667,DLM,0.30000000000000004,0.2,16.751269035532996,99.89966555183946,99.1679582347663
668,DLM,0.30000000000000004,0.30000000000000004,16.751269035532996,99.899673940306,99.17611550697447
669,DLM,0.30000000000000004,0.4,16.751269035532996,99.9080498202792,99.19243005139082
670,DLM,0.30000000000000004,0.5,16.751269035532996,99.90805750585089,99.20058732359898
671,DLM,0.30000000000000004,0.6,16.751269035532996,99.9080651901379,99.20874459580716
672,DLM,0.30000000000000004,0.7000000000000001,16.751269035532996,99.9080651901379,99.20874459580716
673,DLM,0.30000000000000004,0.8,16.243654822335024,99.90807287314057,99.21690186801534
674,DLM,0.30000000000000004,0.9,16.243654822335024,99.90807287314057,99.21690186801534
675,DLM,0.4,0.1,16.83673469387755,99.89964037802125,99.13532914593361
676,DLM,0.4,0.2,16.751269035532996,99.89966555183946,99.1679582347663
677,DLM,0.4,0.30000000000000004,16.751269035532996,99.899673940306,99.17611550697447
678,DLM,0.4,0.4,16.751269035532996,99.9080498202792,99.19243005139082
679,DLM,0.4,0.5,16.751269035532996,99.90805750585089,99.20058732359898
680,DLM,0.4,0.6,16.751269035532996,99.9080651901379,99.20874459580716
681,DLM,0.4,0.7000000000000001,16.751269035532996,99.9080651901379,99.20874459580716
682,DLM,0.4,0.8,16.243654822335024,99.90807287314057,99.21690186801534
683,DLM,0.4,0.9,16.243654822335024,99.90807287314057,99.21690186801534
684,DLM,0.5,0.1,16.83673469387755,99.89964037802125,99.13532914593361
685,DLM,0.5,0.2,16.751269035532996,99.89966555183946,99.1679582347663
686,DLM,0.5,0.30000000000000004,16.751269035532996,99.899673940306,99.17611550697447
687,DLM,0.5,0.4,16.751269035532996,99.9080498202792,99.19243005139082
688,DLM,0.5,0.5,16.751269035532996,99.90805750585089,99.20058732359898
689,DLM,0.5,0.6,16.751269035532996,99.9080651901379,99.20874459580716
690,DLM,0.5,0.7000000000000001,16.751269035532996,99.9080651901379,99.20874459580716
691,DLM,0.5,0.8,16.243654822335024,99.90807287314057,99.21690186801534
692,DLM,0.5,0.9,16.243654822335024,99.90807287314057,99.21690186801534
693,DLM,0.6,0.1,16.83673469387755,99.89964037802125,99.13532914593361
694,DLM,0.6,0.2,16.751269035532996,99.89966555183946,99.1679582347663
695,DLM,0.6,0.30000000000000004,16.751269035532996,99.899673940306,99.17611550697447
696,DLM,0.6,0.4,16.751269035532996,99.9080498202792,99.19243005139082
697,DLM,0.6,0.5,16.751269035532996,99.90805750585089,99.20058732359898
698,DLM,0.6,0.6,16.751269035532996,99.9080651901379,99.20874459580716
699,DLM,0.6,0.7000000000000001,16.751269035532996,99.9080651901379,99.20874459580716
700,DLM,0.6,0.8,16.243654822335024,99.90807287314057,99.21690186801534
701,DLM,0.6,0.9,16.243654822335024,99.90807287314057,99.21690186801534
702,DLM,0.7000000000000001,0.1,16.83673469387755,99.89964037802125,99.13532914593361
703,DLM,0.7000000000000001,0.2,16.751269035532996,99.89966555183946,99.1679582347663
704,DLM,0.7000000000000001,0.30000000000000004,16.751269035532996,99.899673940306,99.17611550697447
705,DLM,0.7000000000000001,0.4,16.751269035532996,99.9080498202792,99.19243005139082
706,DLM,0.7000000000000001,0.5,16.751269035532996,99.90805750585089,99.20058732359898
707,DLM,0.7000000000000001,0.6,16.751269035532996,99.9080651901379,99.20874459580716
708,DLM,0.7000000000000001,0.7000000000000001,16.751269035532996,99.9080651901379,99.20874459580716
709,DLM,0.7000000000000001,0.8,16.243654822335024,99.90807287314057,99.21690186801534
710,DLM,0.7000000000000001,0.9,16.243654822335024,99.90807287314057,99.21690186801534
711,DLM,0.8,0.1,16.41025641025641,99.89964037802125,99.12717187372543
712,DLM,0.8,0.2,16.3265306122449,99.89966555183946,99.15980096255812
713,DLM,0.8,0.30000000000000004,16.3265306122449,99.899673940306,99.1679582347663
714,DLM,0.8,0.4,16.3265306122449,99.9080498202792,99.18427277918263
715,DLM,0.8,0.5,16.3265306122449,99.90805750585089,99.19243005139082
716,DLM,0.8,0.6,16.3265306122449,99.9080651901379,99.20058732359898
717,DLM,0.8,0.7000000000000001,16.3265306122449,99.9080651901379,99.20058732359898
718,DLM,0.8,0.8,16.243654822335024,99.90807287314057,99.21690186801534
719,DLM,0.8,0.9,16.243654822335024,99.90807287314057,99.21690186801534
720,DLM,0.9,0.1,16.41025641025641,99.89964037802125,99.12717187372543
721,DLM,0.9,0.2,16.3265306122449,99.89966555183946,99.15980096255812
722,DLM,0.9,0.30000000000000004,16.3265306122449,99.899673940306,99.1679582347663
723,DLM,0.9,0.4,16.3265306122449,99.9080498202792,99.18427277918263
724,DLM,0.9,0.5,16.3265306122449,99.90805750585089,99.19243005139082
725,DLM,0.9,0.6,16.3265306122449,99.9080651901379,99.20058732359898
726,DLM,0.9,0.7000000000000001,16.3265306122449,99.9080651901379,99.20058732359898
727,DLM,0.9,0.8,16.243654822335024,99.90807287314057,99.21690186801534
728,DLM,0.9,0.9,16.243654822335024,99.90807287314057,99.21690186801534
729,MXF,0.1,0.1,94.31296361709643,92.80898876404494,86.81363662943687
730,MXF,0.1,0.2,94.15515409139213,92.91711696732895,86.84872229694169
731,MXF,0.1,0.30000000000000004,93.65023057821922,92.98945095107567,86.88380796444652
732,MXF,0.1,0.4,93.28596802841919,93.05394190871368,86.92474124320215
733,MXF,0.1,0.5,92.67685744756487,93.13375901816072,86.96567452195778
734,MXF,0.1,0.6,91.32128940843074,93.20404442234378,87.06508391322146
735,MXF,0.1,0.7000000000000001,90.18014835747086,93.29303635008695,87.17618852698673
736,MXF,0.1,0.8,89.21775898520085,93.38350839467373,87.29898836325361
737,MXF,0.1,0.9,87.71929824561403,93.53266705211861,87.46272147827612
738,MXF,0.2,0.1,94.35879467414155,92.7703826955075,86.97736974445938
739,MXF,0.2,0.2,94.20238931834153,92.8707935189032,87.01830302321501
740,MXF,0.2,0.30000000000000004,93.70161857846587,92.94312992943131,87.05338869071984
741,MXF,0.2,0.4,93.34507042253522,93.00763105507632,87.10601719197709
742,MXF,0.2,0.5,92.74136715997182,93.09515915119363,87.1411028594819
743,MXF,0.2,0.6,91.38234259584945,93.165437826195,87.21127419449155
744,MXF,0.2,0.7000000000000001,90.22503516174403,93.25442807482204,87.2814455295012
745,MXF,0.2,0.8,89.24806746310611,93.35262505167424,87.36915969826326
746,MXF,0.2,0.9,87.72360575236759,93.50949628406275,87.48611192327934
747,MXF,0.30000000000000004,0.1,94.368660370759,92.76266533566259,87.01245541196421
748,MXF,0.30000000000000004,0.2,94.21255699754471,92.86307743436357,87.05338869071984
749,MXF,0.30000000000000004,0.30000000000000004,93.71268001404988,92.93541424539266,87.08847435822466
750,MXF,0.30000000000000004,0.4,93.3567662565905,92.99991706062868,87.1411028594819
751,MXF,0.30000000000000004,0.5,92.7541329581428,93.0874430169913,87.17618852698673
752,MXF,0.30000000000000004,0.6,91.3884007029877,93.15772034459907,87.22881702824397
753,MXF,0.30000000000000004,0.7000000000000001,90.23190442726634,93.24671025407596,87.29898836325361
754,MXF,0.30000000000000004,0.8,89.24806746310611,93.35262505167424,87.36915969826326
755,MXF,0.30000000000000004,0.9,87.72360575236759,93.50949628406275,87.48611192327934
756,MXF,0.4,0.1,94.37062937062936,92.73952095808383,87.03584585696743
757,MXF,0.4,0.2,94.21458625525946,92.8399368718332,87.07677913572306
758,MXF,0.4,0.30000000000000004,93.71488764044943,92.9122748775832,87.11186480322787
759,MXF,0.4,0.4,93.36143308746048,92.97678275290215,87.17034091573592
760,MXF,0.4,0.5,92.75668073136427,93.0643022870401,87.19957897198995
761,MXF,0.4,0.6,91.39142656359803,93.13457556935818,87.25220747324718
762,MXF,0.4,0.7000000000000001,90.2353354408149,93.22356445474102,87.32237880825683
763,MXF,0.4,0.8,89.2518440463646,93.32947594643743,87.39255014326648
764,MXF,0.4,0.9,87.72791023842917,93.48633699331297,87.50950236828255
765,MXF,0.5,0.1,94.38437391001047,92.75494925969056,87.06508391322146
766,MXF,0.5,0.2,94.22875131164743,92.85536263188501,87.10601719197709
767,MXF,0.5,0.30000000000000004,93.73249299719888,92.92769984228438,87.1469504707327
768,MXF,0.5,0.4,93.38003502626971,92.98449290985985,87.21127419449155
769,MXF,0.5,0.5,92.7795303189625,93.0797281617769,87.24051225074557
770,MXF,0.5,0.6,91.40652402665731,93.1500041414727,87.2697503069996
771,MXF,0.5,0.7000000000000001,90.24219024219025,93.23899371069182,87.32237880825683
772,MXF,0.5,0.8,89.25561797752809,93.3449074074074,87.38670253201568
773,MXF,0.5,0.9,87.72791023842917,93.50177524564445,87.49780714578095
774,MXF,0.6,0.1,94.38437391001047,92.75494925969056,87.06508391322146
775,MXF,0.6,0.2,94.22875131164743,92.85536263188501,87.10601719197709
776,MXF,0.6,0.30000000000000004,93.73249299719888,92.92769984228438,87.1469504707327
777,MXF,0.6,0.4,93.38003502626971,92.98449290985985,87.21127419449155
778,MXF,0.6,0.5,92.7795303189625,93.0797281617769,87.24051225074557
779,MXF,0.6,0.6,91.40652402665731,93.1500041414727,87.2697503069996
780,MXF,0.6,0.7000000000000001,90.24219024219025,93.23899371069182,87.32237880825683
781,MXF,0.6,0.8,89.25561797752809,93.3449074074074,87.38670253201568
782,MXF,0.6,0.9,87.72791023842917,93.50177524564445,87.49780714578095
783,MXF,0.7000000000000001,0.1,94.368660370759,92.76266533566259,87.01245541196421
784,MXF,0.7000000000000001,0.2,94.21255699754471,92.86307743436357,87.05338869071984
785,MXF,0.7000000000000001,0.30000000000000004,93.71268001404988,92.93541424539266,87.08847435822466
786,MXF,0.7000000000000001,0.4,93.3567662565905,92.99991706062868,87.1411028594819
787,MXF,0.7000000000000001,0.5,92.7541329581428,93.0874430169913,87.17618852698673
788,MXF,0.7000000000000001,0.6,91.3884007029877,93.15772034459907,87.22881702824397
789,MXF,0.7000000000000001,0.7000000000000001,90.23190442726634,93.24671025407596,87.29898836325361
790,MXF,0.7000000000000001,0.8,89.24806746310611,93.35262505167424,87.36915969826326
791,MXF,0.7000000000000001,0.9,87.72360575236759,93.50949628406275,87.48611192327934
792,MXF,0.8,0.1,94.33895921237693,92.79354248148456,86.90135079819893
793,MXF,0.8,0.2,94.18194640338506,92.8939494680851,86.94228407695456
794,MXF,0.8,0.30000000000000004,93.67937853107344,92.96628467032055,86.97736974445938
795,MXF,0.8,0.4,93.32155477031802,93.03078071849332,87.02999824571663
796,MXF,0.8,0.5,92.71570014144271,93.11831523090954,87.06508391322146
797,MXF,0.8,0.6,91.35802469135803,93.18859794497845,87.1469504707327
798,MXF,0.8,0.7000000000000001,90.20781965480803,93.27758920440434,87.23466463949477
799,MXF,0.8,0.8,89.23672177277524,93.3757856434006,87.33407403075843
800,MXF,0.8,0.9,87.71929824561403,93.53266705211861,87.46272147827612
801,MXF,0.9,0.1,94.31296361709643,92.80898876404494,86.81363662943687
802,MXF,0.9,0.2,94.15515409139213,92.91711696732895,86.84872229694169
803,MXF,0.9,0.30000000000000004,93.65023057821922,92.98945095107567,86.88380796444652
804,MXF,0.9,0.4,93.28596802841919,93.05394190871368,86.92474124320215
805,MXF,0.9,0.5,92.67685744756487,93.13375901816072,86.96567452195778
806,MXF,0.9,0.6,91.32128940843074,93.20404442234378,87.06508391322146
807,MXF,0.9,0.7000000000000001,90.18014835747086,93.29303635008695,87.17618852698673
808,MXF,0.9,0.8,89.21775898520085,93.38350839467373,87.29898836325361
809,MXF,0.9,0.9,87.71929824561403,93.53266705211861,87.46272147827612
810,EMB,0.1,0.1,95.23222359227292,91.45557363080022,90.6068212018308
811,EMB,0.1,0.2,94.98148909913617,91.56631156399567,90.86077070721984
812,EMB,0.1,0.30000000000000004,94.75632325724861,91.62849774835456,91.07928539790345
813,EMB,0.1,0.4,94.61016251800041,91.68714483182306,91.25941237265613
814,EMB,0.1,0.5,94.38271604938272,91.75902135981899,91.35390521187067
815,EMB,0.1,0.6,93.99671052631578,91.79241669858293,91.46316255721246
816,EMB,0.1,0.7000000000000001,93.71534195933457,91.83478161007541,91.51631477927063
817,EMB,0.1,0.8,93.17203198687719,91.88827243160512,91.57537280377971
818,EMB,0.1,0.9,92.24473091876408,91.99265802454974,91.65214823564152
819,EMB,0.2,0.1,95.39473684210526,90.49913941480206,82.98833604015947
820,EMB,0.2,0.2,95.14403292181069,90.62459810519998,83.23342684187213
821,EMB,0.2,0.30000000000000004,94.93827160493828,90.69260367678496,83.41945961907574
822,EMB,0.2,0.4,94.81161210623841,90.75787947285367,83.57891628525026
823,EMB,0.2,0.5,94.5840197693575,90.83901192504258,83.67340912446478
824,EMB,0.2,0.6,94.178152643489,90.8777749425874,83.78857227225748
825,EMB,0.2,0.7000000000000001,93.8964241676942,90.92647683807905,83.85058319799202
826,EMB,0.2,0.8,93.35248256052525,90.9882362933707,83.92440572862839
827,EMB,0.2,0.9,92.44162228594838,91.10771711000805,84.01889856784291
828,EMB,0.30000000000000004,0.1,95.53681612505142,90.42378022358957,82.504060239185
829,EMB,0.30000000000000004,0.2,95.28612597776863,90.58089500860585,82.97061863280673
830,EMB,0.30000000000000004,0.30000000000000004,95.08027995059696,90.67237687366168,83.29543776760667
831,EMB,0.30000000000000004,0.4,94.95365602471678,90.74137341988384,83.48147054481028
832,EMB,0.30000000000000004,0.5,94.72599917593737,90.82263635975949,83.5759633840248
833,EMB,0.30000000000000004,0.6,94.31864965006176,90.86147425797385,83.68817363059206
834,EMB,0.30000000000000004,0.7000000000000001,94.03537638831756,90.90986466933356,83.74427875387568
835,EMB,0.30000000000000004,0.8,93.48942287944136,90.97172017860939,83.81514838328657
836,EMB,0.30000000000000004,0.9,92.57435897435897,91.09138026254301,83.9037354200502
837,EMB,0.4,0.1,95.53681612505142,90.42378022358957,82.504060239185
838,EMB,0.4,0.2,95.28612597776863,90.58089500860585,82.97061863280673
839,EMB,0.4,0.30000000000000004,95.08027995059696,90.67237687366168,83.29543776760667
840,EMB,0.4,0.4,94.95365602471678,90.74137341988384,83.48147054481028
841,EMB,0.4,0.5,94.72599917593737,90.82263635975949,83.5759633840248
842,EMB,0.4,0.6,94.31864965006176,90.86147425797385,83.68817363059206
843,EMB,0.4,0.7000000000000001,94.03537638831756,90.90986466933356,83.74427875387568
844,EMB,0.4,0.8,93.48942287944136,90.97172017860939,83.81514838328657
845,EMB,0.4,0.9,92.57435897435897,91.09138026254301,83.9037354200502
846,EMB,0.5,0.1,95.33593589480172,91.38119391338276,90.0546286726709
847,EMB,0.5,0.2,95.0853382685585,91.51872238157996,90.53890447364536
848,EMB,0.5,0.30000000000000004,94.86019736842105,91.6033478613029,90.92278163295437
849,EMB,0.5,0.4,94.71410941999177,91.66506404092465,91.12948471873615
850,EMB,0.5,0.5,94.50617283950618,91.73772758700161,91.22693045917613
851,EMB,0.5,0.6,94.09950657894737,91.77120497180343,91.33618780451795
852,EMB,0.5,0.7000000000000001,93.81676253081348,91.81365030674846,91.38638712535065
853,EMB,0.5,0.8,93.27179487179487,91.8672390004599,91.4424922486343
854,EMB,0.5,0.9,92.37704918032786,91.97180940707828,91.5045031743688
855,EMB,0.6,0.1,95.24297724010663,91.39005765934238,90.19636793149269
856,EMB,0.6,0.2,94.992817566181,91.52732621148785,90.68064373246715
857,EMB,0.6,0.30000000000000004,94.76815757078376,91.61178509532061,91.06452089177617
858,EMB,0.6,0.4,94.6223316912972,91.6733878711065,91.27122397755795
859,EMB,0.6,0.5,94.39540135495793,91.74561773618196,91.36866971799793
860,EMB,0.6,0.6,94.00902749281904,91.77903769537235,91.47497416211428
861,EMB,0.6,0.7000000000000001,93.72693726937268,91.82141899911936,91.525173482947
862,EMB,0.6,0.8,93.18321392016377,91.87492824065215,91.58127860623063
863,EMB,0.6,0.9,92.25265739983647,91.97934595524957,91.64919533441606
864,EMB,0.7000000000000001,0.1,95.23809523809523,91.39717914751031,90.17569762291451
865,EMB,0.7000000000000001,0.2,94.98767460969597,91.5344120151738,90.65997342388897
866,EMB,0.7000000000000001,0.30000000000000004,94.76278496611214,91.61531351101524,91.04680348442345
867,EMB,0.7000000000000001,0.4,94.61680706800905,91.67690889537563,91.25350657020522
868,EMB,0.7000000000000001,0.5,94.38964241676942,91.74913693901036,91.35095231064521
869,EMB,0.7000000000000001,0.6,94.00410677618069,91.78255372945638,91.46020965598701
870,EMB,0.7000000000000001,0.7000000000000001,93.72307692307692,91.82493490580487,91.51336187804517
871,EMB,0.7000000000000001,0.8,93.18042187180012,91.87844458052665,91.57241990255426
872,EMB,0.7000000000000001,0.9,92.25265739983647,91.9828641370869,91.64624243319061
873,EMB,0.8,0.1,95.88758007852863,90.84121453459433,85.47763177321718
874,EMB,0.8,0.2,95.55693325067163,91.03100393700787,86.29263251144249
875,EMB,0.8,0.30000000000000004,95.23219814241486,91.26579739217652,87.90786948176583
876,EMB,0.8,0.4,94.96803464631883,91.4597619610625,89.2455337368965
877,EMB,0.8,0.5,94.50617283950618,91.65049297414797,90.42374132585265
878,EMB,0.8,0.6,94.0234134319162,91.75285478103733,91.17968403956887
879,EMB,0.8,0.7000000000000001,93.72307692307692,91.81929649781593,91.46020965598701
880,EMB,0.8,0.8,93.18042187180012,91.87689009684952,91.55765539642698
881,EMB,0.8,0.9,92.25265739983647,91.98255747236354,91.64328953196515
882,EMB,0.9,0.1,95.97760729836202,90.83845770317434,85.31226930459177
883,EMB,0.9,0.2,95.64586357039188,91.02859020703254,86.12727004281707
884,EMB,0.9,0.30000000000000004,95.31994201698075,91.26240906715968,87.73069540823859
885,EMB,0.9,0.4,95.05483136768052,91.45508390918066,89.053595157242
886,EMB,0.9,0.5,94.61077844311377,91.64592408214064,90.22589694374723
887,EMB,0.9,0.6,94.10673810014424,91.74852652259332,90.98479255868891
888,EMB,0.9,0.7000000000000001,93.80530973451327,91.81542477638297,91.2682710763325
889,EMB,0.9,0.8,93.26073556605712,91.87313032139296,91.36571681677248
890,EMB,0.9,0.9,92.36923076923077,91.97930638053266,91.45135095231065
891,RIF,0.1,0.1,96.33805531463814,98.4365356922444,97.11581541218638
892,RIF,0.1,0.2,96.17201812747084,98.48360318895372,97.18021953405018
893,RIF,0.1,0.30000000000000004,96.03549725089225,98.50519485852736,97.21662186379928
894,RIF,0.1,0.4,95.93942901234568,98.51389630116178,97.2418234767025
895,RIF,0.1,0.5,95.78429480995563,98.51818405713817,97.24462365591397
896,RIF,0.1,0.6,95.51547883113126,98.52277390233894,97.27542562724014
897,RIF,0.1,0.7000000000000001,95.11466563885142,98.53930740193665,97.30622759856631
898,RIF,0.1,0.8,94.72214196282384,98.54347023345505,97.32302867383513
899,RIF,0.1,0.9,94.11028774901357,98.57242482668089,97.35663082437276
900,RIF,0.2,0.1,96.33805531463814,98.4365356922444,97.11581541218638
901,RIF,0.2,0.2,96.17238719629772,98.48360318895372,97.18301971326166
902,RIF,0.2,0.30000000000000004,96.03587962962963,98.50519485852736,97.21942204301075
903,RIF,0.2,0.4,95.93982061915325,98.51389630116178,97.24462365591397
904,RIF,0.2,0.5,95.78470145654481,98.51818405713817,97.24742383512545
905,RIF,0.2,0.6,95.5159112825458,98.52277390233894,97.27822580645162
906,RIF,0.2,0.7000000000000001,95.11513633298006,98.53930740193665,97.30902777777779
907,RIF,0.2,0.8,94.7226502311248,98.54347023345505,97.32582885304659
908,RIF,0.2,0.9,94.11142114885018,98.57242482668089,97.3622311827957
909,RIF,0.30000000000000004,0.1,96.34509954794652,98.42454736668454,97.00940860215054
910,RIF,0.30000000000000004,0.2,96.18048874350586,98.47475744121033,97.21662186379928
911,RIF,0.30000000000000004,0.30000000000000004,96.04465402752382,98.49704336399473,97.28662634408603
912,RIF,0.30000000000000004,0.4,95.94880677444188,98.50580846434876,97.31462813620072
913,RIF,0.30000000000000004,0.5,95.79403272377286,98.5100968642259,97.31742831541219
914,RIF,0.30000000000000004,0.6,95.52454282964389,98.51468898736255,97.33982974910394
915,RIF,0.30000000000000004,0.7000000000000001,95.12359334423391,98.53122179371462,97.36503136200717
916,RIF,0.30000000000000004,0.8,94.72924882177551,98.53538461538461,97.36783154121864
917,RIF,0.30000000000000004,0.9,94.11595038938565,98.5643381598917,97.39023297491039
918,RIF,0.4,0.1,96.34509954794652,98.42454736668454,97.00940860215054
919,RIF,0.4,0.2,96.18048874350586,98.47475744121033,97.21662186379928
920,RIF,0.4,0.30000000000000004,96.04465402752382,98.49704336399473,97.28662634408603
921,RIF,0.4,0.4,95.94880677444188,98.50580846434876,97.31462813620072
922,RIF,0.4,0.5,95.79403272377286,98.5100968642259,97.31742831541219
923,RIF,0.4,0.6,95.52454282964389,98.51468898736255,97.33982974910394
924,RIF,0.4,0.7000000000000001,95.12359334423391,98.53122179371462,97.36503136200717
925,RIF,0.4,0.8,94.72924882177551,98.53538461538461,97.36783154121864
926,RIF,0.4,0.9,94.11595038938565,98.5643381598917,97.39023297491039
927,RIF,0.5,0.1,96.3458024810078,98.42454736668454,97.01500896057348
928,RIF,0.5,0.2,96.18122354751829,98.47475744121033,97.22222222222221
929,RIF,0.5,0.30000000000000004,96.04541518329644,98.49704336399473,97.29222670250897
930,RIF,0.5,0.4,95.94958629978834,98.50580846434876,97.32022849462365
931,RIF,0.5,0.5,95.79484218629715,98.5100968642259,97.32302867383513
932,RIF,0.5,0.6,95.52497353478972,98.51468898736255,97.34262992831542
933,RIF,0.5,0.7000000000000001,95.12406231967687,98.53122179371462,97.36783154121864
934,RIF,0.5,0.8,94.72975572225428,98.53538461538461,97.37063172043011
935,RIF,0.5,0.9,94.11651605460489,98.5643381598917,97.39303315412187
936,RIF,0.6,0.1,96.34509954794652,98.42454736668454,97.00940860215054
937,RIF,0.6,0.2,96.18048874350586,98.47475744121033,97.21662186379928
938,RIF,0.6,0.30000000000000004,96.04503464203233,98.49704336399473,97.2894265232975
939,RIF,0.6,0.4,95.94919657461753,98.50580846434876,97.31742831541219
940,RIF,0.6,0.5,95.79443749398517,98.5100968642259,97.32022849462365
941,RIF,0.6,0.6,95.52540415704388,98.51468898736255,97.34543010752688
942,RIF,0.6,0.7000000000000001,95.12359334423391,98.53122179371462,97.36503136200717
943,RIF,0.6,0.8,94.72924882177551,98.53538461538461,97.36783154121864
944,RIF,0.6,0.9,94.11595038938565,98.5643381598917,97.39023297491039
945,RIF,0.7000000000000001,0.1,96.3429891252045,98.42454736668454,96.99260752688173
946,RIF,0.7000000000000001,0.2,96.17828263380824,98.47475744121033,97.19982078853047
947,RIF,0.7000000000000001,0.30000000000000004,96.04198767334361,98.49704336399473,97.26702508960572
948,RIF,0.7000000000000001,0.4,95.94607607125663,98.50580846434876,97.29502688172043
949,RIF,0.7000000000000001,0.5,95.79119714918617,98.5100968642259,97.2978270609319
950,RIF,0.7000000000000001,0.6,95.52152557064433,98.51468898736255,97.32022849462365
951,RIF,0.7000000000000001,0.7000000000000001,95.12077759599653,98.53122179371462,97.34823028673834
952,RIF,0.7000000000000001,0.8,94.72620537003176,98.53538461538461,97.35103046594982
953,RIF,0.7000000000000001,0.9,94.11255411255411,98.5643381598917,97.37343189964157
954,RIF,0.8,0.1,96.33805531463814,98.43201980606561,96.91980286738351
955,RIF,0.8,0.2,96.17238719629772,98.4822309970385,97.12141577060932
956,RIF,0.8,0.30000000000000004,96.03587962962963,98.50451930977813,97.18862007168458
957,RIF,0.8,0.4,95.93982061915325,98.51328596656947,97.21662186379928
958,RIF,0.8,0.5,95.78470145654481,98.51757555847568,97.21942204301075
959,RIF,0.8,0.6,95.5159112825458,98.52216748768473,97.25022401433692
960,RIF,0.8,0.7000000000000001,95.11513633298006,98.5387078236598,97.28102598566308
961,RIF,0.8,0.8,94.7226502311248,98.54293219504187,97.30062724014337
962,RIF,0.8,0.9,94.11142114885018,98.57189757058438,97.33702956989248
963,RIF,0.9,0.1,96.33805531463814,98.4313725490196,96.89180107526882
964,RIF,0.9,0.2,96.17238719629772,98.48160645214385,97.09341397849462
965,RIF,0.9,0.30000000000000004,96.03587962962963,98.50390464447185,97.16061827956989
966,RIF,0.9,0.4,95.93982061915325,98.51267513044908,97.18862007168458
967,RIF,0.9,0.5,95.78470145654481,98.51696655985539,97.19142025089606
968,RIF,0.9,0.6,95.5159112825458,98.52156057494867,97.22222222222221
969,RIF,0.9,0.7000000000000001,95.11513633298006,98.53810775295663,97.25302419354838
970,RIF,0.9,0.8,94.7226502311248,98.54233390818756,97.27262544802868
971,RIF,0.9,0.9,94.11142114885018,98.57136992487376,97.31182795698925
972,INH,0.1,0.1,94.43798899992254,98.82924987017891,95.6511980248022
973,INH,0.1,0.2,94.29368894402232,98.86872495875559,95.7101172773694
974,INH,0.1,0.30000000000000004,94.09302325581396,98.90710382513662,95.75220245777454
975,INH,0.1,0.4,93.94385856079404,98.92164249387831,95.76342517254925
976,INH,0.1,0.5,93.75435877566835,98.9266042088414,95.80270467426071
977,INH,0.1,0.6,93.57961586121436,98.93617021276596,95.83076146119747
978,INH,0.1,0.7000000000000001,93.35036383341074,98.94107680722891,95.85881824813423
979,INH,0.1,0.8,93.11145510835914,98.96034247541986,95.88968071376466
980,INH,0.1,0.9,92.72178822801455,98.96533885152613,95.9317658941698
981,INH,0.2,0.1,94.43928128872366,98.8274231678487,95.56702766399192
982,INH,0.2,0.2,94.29634221946684,98.86776430626976,95.67644913304528
983,INH,0.2,0.30000000000000004,94.09576940957695,98.90694935217903,95.76061949385556
984,INH,0.2,0.4,93.94714407502131,98.92159171179657,95.7802592447113
985,INH,0.2,0.5,93.75774473358116,98.9266042088414,95.82234442511644
986,INH,0.2,0.6,93.58259792537544,98.93617021276596,95.84759553335952
987,INH,0.2,0.7000000000000001,93.35293662462276,98.94107680722891,95.8728466416026
988,INH,0.2,0.8,93.11411992263055,98.96034247541986,95.90370910723304
989,INH,0.2,0.9,92.72403927936287,98.96533885152613,95.9429886089445
990,INH,0.30000000000000004,0.1,94.53488372093022,98.79412622775455,93.89484316256103
991,INH,0.30000000000000004,0.2,94.34796092417429,98.85725169031521,95.11250771561642
992,INH,0.30000000000000004,0.30000000000000004,94.11172232122105,98.90555712803094,95.68767184781998
993,INH,0.30000000000000004,0.4,93.95583107322743,98.92082940622055,95.7437854216935
994,INH,0.30000000000000004,0.5,93.7664550100666,98.92604804521903,95.79709331687334
995,INH,0.30000000000000004,0.6,93.59033906177426,98.93561908350209,95.81673306772909
996,INH,0.30000000000000004,0.7000000000000001,93.36067476592123,98.94052832320949,95.84198417597217
997,INH,0.30000000000000004,0.8,93.12132466728566,98.96446222640621,95.86723528421524
998,INH,0.30000000000000004,0.9,92.73064728172609,98.96946026069361,95.90370910723304
999,INH,0.4,0.1,94.55361287327865,98.782151208106,93.8611750182369
1000,INH,0.4,0.2,94.38123984211748,98.83849292056635,94.70848998372706
1001,INH,0.4,0.30000000000000004,94.12265099373597,98.89528845245964,95.7101172773694
1002,INH,0.4,0.4,93.96751740139212,98.91145563357053,95.81673306772909
1003,INH,0.4,0.5,93.77801824084094,98.91672946495855,95.87004096290893
1004,INH,0.4,0.6,93.60222531293462,98.92630091829527,95.88968071376466
1005,INH,0.4,0.7000000000000001,93.37298215802889,98.93121145063327,95.91493182200774
1006,INH,0.4,0.8,93.13354445045185,98.95514660893303,95.93737725155715
1007,INH,0.4,0.9,92.7429939010268,98.9601468028043,95.97104539588126
1008,INH,0.5,0.1,94.54686289697909,98.77733937356909,93.81908983783177
1009,INH,0.5,0.2,94.37470943747094,98.83374928009215,94.6692104820156
1010,INH,0.5,0.30000000000000004,94.11673633689426,98.89061983666147,95.67644913304528
1011,INH,0.5,0.4,93.96097863115516,98.90679483554801,95.7802592447113
1012,INH,0.5,0.5,93.77176015473889,98.9120708331371,95.83637281858482
1013,INH,0.5,0.6,93.59480157809237,98.92164249387831,95.8504012120532
1014,INH,0.5,0.7000000000000001,93.36478230608614,98.92655367231639,95.8728466416026
1015,INH,0.5,0.8,93.12557995669657,98.95048945783132,95.89809774984569
1016,INH,0.5,0.9,92.73458030607513,98.95549073115649,95.9317658941698
1017,INH,0.6,0.1,94.55529775715391,98.77252800779347,93.87800909039898
1018,INH,0.6,0.2,94.38297872340425,98.8290060949273,94.72532405588912
1019,INH,0.6,0.30000000000000004,94.1244684963278,98.88595166163142,95.72695134953145
1020,INH,0.6,0.4,93.96891672465784,98.90213447674692,95.83076146119747
1021,INH,0.6,0.5,93.77946062900858,98.90741264010549,95.88406935637731
1022,INH,0.6,0.6,93.60518999073216,98.9169845081697,95.91212614331407
1023,INH,0.6,0.7000000000000001,93.37605187987339,98.92189633256439,95.93737725155715
1024,INH,0.6,0.8,93.13725490196079,98.94117647058823,95.96543403849391
1025,INH,0.6,0.9,92.74747318879716,98.94617990214527,96.00190786151171
1026,INH,0.7000000000000001,0.1,94.55234852588407,98.78696351147269,93.8499523034622
1027,INH,0.7000000000000001,0.2,94.37993497445424,98.84323701641547,94.69726726895236
1028,INH,0.7000000000000001,0.30000000000000004,94.12128712871286,98.89995750908834,95.69889456259469
1029,INH,0.7000000000000001,0.4,93.96565062664396,98.91611687087654,95.80270467426071
1030,INH,0.7000000000000001,0.5,93.77609401577239,98.92138853563186,95.85601256944055
1031,INH,0.7000000000000001,0.6,93.60173093269454,98.93095978148253,95.88406935637731
1032,INH,0.7000000000000001,0.7000000000000001,93.37349397590361,98.93586966757698,95.91493182200774
1033,INH,0.7000000000000001,0.8,93.13460498880222,98.95514660893303,95.9429886089445
1034,INH,0.7000000000000001,0.9,92.74467428218585,98.9601468028043,95.97946243196229
1035,INH,0.8,0.1,94.5531914893617,98.78696351147269,93.85556366084955
1036,INH,0.8,0.2,94.38080495356037,98.84323701641547,94.70287862633971
1037,INH,0.8,0.30000000000000004,94.12219644238206,98.89995750908834,95.70450591998204
1038,INH,0.8,0.4,93.96658415841584,98.91611687087654,95.80831603164806
1039,INH,0.8,0.5,93.77705627705627,98.92138853563186,95.8616239268279
1040,INH,0.8,0.6,93.60271961678127,98.93095978148253,95.88968071376466
1041,INH,0.8,0.7000000000000001,93.37451737451737,98.93586966757698,95.9205431793951
1042,INH,0.8,0.8,93.13566519959848,98.95514660893303,95.94859996633186
1043,INH,0.8,0.9,92.7457941040284,98.9601468028043,95.98507378934964
1044,INH,0.9,0.1,94.55108359133126,98.78696351147269,93.84153526738118
1045,INH,0.9,0.2,94.37906472592134,98.84323701641547,94.69165591156501
1046,INH,0.9,0.30000000000000004,94.1203775336531,98.89995750908834,95.69328320520734
1047,INH,0.9,0.4,93.96518375241779,98.91611687087654,95.79989899556702
1048,INH,0.9,0.5,93.77561277352508,98.92138853563186,95.85320689074686
1049,INH,0.9,0.6,93.60123647604328,98.93095978148253,95.88126367768363
1050,INH,0.9,0.7000000000000001,93.37298215802889,98.93586966757698,95.91212614331407
1051,INH,0.9,0.8,93.13407476058079,98.95514660893303,95.94018293025083
1052,INH,0.9,0.9,92.7457941040284,98.9601468028043,95.98507378934964
